{
    "topk": {
        "same_W": {
            "pre_encoder_bias": {
                "active_neurons_per_token": [
                    2,
                    5,
                    10,
                    30,
                    70,
                    100
                ],
                "active_neurons_per_batch": [
                    33.1,
                    94.9,
                    232.1,
                    763.0,
                    1295.0,
                    1346.0
                ],
                "loss": [
                    0.02385063488036394,
                    0.017678637616336347,
                    0.012156594451516867,
                    0.005852416343986988,
                    0.003129171603359282,
                    0.0024882336147129536
                ]
            },
            "not_pre_encoder_bias": {
                "active_neurons_per_token": [
                    2,
                    5,
                    10,
                    30,
                    70,
                    100
                ],
                "active_neurons_per_batch": [
                    36.0,
                    107.5,
                    191.8,
                    809.7,
                    1415.6,
                    1500.0
                ],
                "loss": [
                    0.023585841991007328,
                    0.017401793226599693,
                    0.012429429776966571,
                    0.005668807495385409,
                    0.00293056252412498,
                    0.002343870629556477
                ]
            }
        },
        "not_same_W": {
            "pre_encoder_bias": {
                "active_neurons_per_token": [
                    2,
                    5,
                    10,
                    30,
                    70,
                    100
                ],
                "active_neurons_per_batch": [
                    67.1,
                    148.3,
                    244.5,
                    482.0,
                    743.9,
                    878.2
                ],
                "loss": [
                    0.021581526659429074,
                    0.015401392430067062,
                    0.011403435096144676,
                    0.0058549572713673115,
                    0.0032176806824281813,
                    0.0024159861961379646
                ]
            },
            "not_pre_encoder_bias": {
                "active_neurons_per_token": [
                    2,
                    5,
                    10,
                    30,
                    70,
                    100
                ],
                "active_neurons_per_batch": [
                    85.6,
                    138.9,
                    241.9,
                    559.9,
                    808.0,
                    979.7
                ],
                "loss": [
                    0.021169599890708924,
                    0.015687459148466587,
                    0.011182272247970105,
                    0.0055971905589103695,
                    0.0031725292094051836,
                    0.0023702227510511873
                ]
            }
        }
    },
    "relu": {
        "same_W": {
            "pre_encoder_bias": {
                "active_neurons_per_token": [
                    35.211093521118165,
                    12.045038604736328,
                    1.3879753947257996,
                    0.30847723186016085,
                    0.23351651057600975,
                    0.16069183945655824
                ],
                "active_neurons_per_batch": [
                    392.6,
                    217.2,
                    125.3,
                    205.6,
                    145.3,
                    125.4
                ],
                "loss": [
                    0.0073512016329914335,
                    0.015656393487006426,
                    0.032472433894872664,
                    0.0645966999232769,
                    0.0646031953394413,
                    0.06459840089082718
                ]
            },
            "not_pre_encoder_bias": {
                "active_neurons_per_token": [
                    35.687848281860354,
                    11.551444339752198,
                    2.6538254737854006,
                    1.3683217406272887,
                    0.002520157827530056,
                    0.0013936758856289088
                ],
                "active_neurons_per_batch": [
                    274.1,
                    57.7,
                    10.0,
                    4.9,
                    2.1,
                    1.2
                ],
                "loss": [
                    0.007497355435043573,
                    0.017177325673401356,
                    0.02880031932145357,
                    0.036418044939637184,
                    0.07673565670847893,
                    0.07673565819859504
                ]
            }
        },
        "not_same_W": {
            "pre_encoder_bias": {
                "active_neurons_per_token": [
                    146.2427017211914,
                    31.961764907836915,
                    7.047414493560791,
                    2.9594408512115478,
                    1.4217895030975343,
                    0.8652782738208771
                ],
                "active_neurons_per_batch": [
                    354.5,
                    80.8,
                    29.6,
                    89.1,
                    139.1,
                    199.9
                ],
                "loss": [
                    0.003325042291544378,
                    0.01359958527609706,
                    0.025107067078351974,
                    0.030739666894078255,
                    0.03646106719970703,
                    0.04238101541996002
                ]
            },
            "not_pre_encoder_bias": {
                "active_neurons_per_token": [
                    155.02562866210937,
                    45.98220024108887,
                    10.388941192626953,
                    4.355655813217163,
                    1.4817131161689758,
                    1.4339915633201599
                ],
                "active_neurons_per_batch": [
                    412.5,
                    75.0,
                    18.6,
                    9.2,
                    5.8,
                    6.3
                ],
                "loss": [
                    0.0030215057777240872,
                    0.010699304193258286,
                    0.022608489170670508,
                    0.0288413742557168,
                    0.04001871831715107,
                    0.04013670235872269
                ]
            }
        }
    }
}