{
    "0.35519871824902666": {
        "gpt_neox.layers.0.mlp.act": 0.8354353308677673,
        "gpt_neox.layers.1.mlp.act": 0.9528256058692932,
        "gpt_neox.layers.2.mlp.act": 0.8737569451332092,
        "gpt_neox.layers.3.mlp.act": 0.9183846712112427,
        "gpt_neox.layers.4.mlp.act": 0.9535531997680664,
        "gpt_neox.layers.5.mlp.act": 0.9576764106750488,
        "gpt_neox.layers.6.mlp.act": 0.9626485705375671,
        "gpt_neox.layers.7.mlp.act": 0.9638612270355225,
        "gpt_neox.layers.8.mlp.act": 0.9689546227455139,
        "gpt_neox.layers.9.mlp.act": 0.9610720276832581,
        "gpt_neox.layers.10.mlp.act": 0.9661654233932495,
        "gpt_neox.layers.11.mlp.act": 0.9706524014472961,
        "gpt_neox.layers.12.mlp.act": 0.9659228324890137,
        "gpt_neox.layers.13.mlp.act": 0.9650739431381226,
        "gpt_neox.layers.14.mlp.act": 0.9617996215820312,
        "gpt_neox.layers.15.mlp.act": 0.959495484828949,
        "gpt_neox.layers.16.mlp.act": 0.9603443741798401,
        "gpt_neox.layers.17.mlp.act": 0.9563424587249756,
        "gpt_neox.layers.18.mlp.act": 0.9617996215820312,
        "gpt_neox.layers.19.mlp.act": 0.9590104222297668,
        "gpt_neox.layers.20.mlp.act": 0.9590104222297668,
        "gpt_neox.layers.21.mlp.act": 0.9585253596305847,
        "gpt_neox.layers.22.mlp.act": 0.9656803011894226,
        "gpt_neox.layers.23.mlp.act": 0.9664079546928406
    },
    "15.917892219322098": {
        "gpt_neox.layers.0.mlp.act": 0.5054571628570557,
        "gpt_neox.layers.1.mlp.act": 0.519039511680603,
        "gpt_neox.layers.2.mlp.act": 0.6443123817443848,
        "gpt_neox.layers.3.mlp.act": 0.7769827842712402,
        "gpt_neox.layers.4.mlp.act": 0.4778074026107788,
        "gpt_neox.layers.5.mlp.act": 0.48277953267097473,
        "gpt_neox.layers.6.mlp.act": 0.5169779062271118,
        "gpt_neox.layers.7.mlp.act": 0.4849624037742615,
        "gpt_neox.layers.8.mlp.act": 0.48314332962036133,
        "gpt_neox.layers.9.mlp.act": 0.4588891565799713,
        "gpt_neox.layers.10.mlp.act": 0.4835071563720703,
        "gpt_neox.layers.11.mlp.act": 0.4835071563720703,
        "gpt_neox.layers.12.mlp.act": 0.5337132811546326,
        "gpt_neox.layers.13.mlp.act": 0.5167353749275208,
        "gpt_neox.layers.14.mlp.act": 0.5432937145233154,
        "gpt_neox.layers.15.mlp.act": 0.5166140794754028,
        "gpt_neox.layers.16.mlp.act": 0.9001940488815308,
        "gpt_neox.layers.17.mlp.act": 0.6217560172080994,
        "gpt_neox.layers.18.mlp.act": 0.6729323267936707,
        "gpt_neox.layers.19.mlp.act": 0.4833858907222748,
        "gpt_neox.layers.20.mlp.act": 0.6806936860084534,
        "gpt_neox.layers.21.mlp.act": 0.44081979990005493,
        "gpt_neox.layers.22.mlp.act": 0.5173417329788208,
        "gpt_neox.layers.23.mlp.act": 0.5340771079063416
    },
    "8.445976423531823": {
        "gpt_neox.layers.0.mlp.act": 0.5044870376586914,
        "gpt_neox.layers.1.mlp.act": 0.4934513568878174,
        "gpt_neox.layers.2.mlp.act": 0.5550569891929626,
        "gpt_neox.layers.3.mlp.act": 0.4958767890930176,
        "gpt_neox.layers.4.mlp.act": 0.5635459423065186,
        "gpt_neox.layers.5.mlp.act": 0.5168566703796387,
        "gpt_neox.layers.6.mlp.act": 0.4843560457229614,
        "gpt_neox.layers.7.mlp.act": 0.4835071563720703,
        "gpt_neox.layers.8.mlp.act": 0.4776861369609833,
        "gpt_neox.layers.9.mlp.act": 0.48399221897125244,
        "gpt_neox.layers.10.mlp.act": 0.4833858907222748,
        "gpt_neox.layers.11.mlp.act": 0.4833858907222748,
        "gpt_neox.layers.12.mlp.act": 0.4833858907222748,
        "gpt_neox.layers.13.mlp.act": 0.4833858907222748,
        "gpt_neox.layers.14.mlp.act": 0.48326459527015686,
        "gpt_neox.layers.15.mlp.act": 0.6067184209823608,
        "gpt_neox.layers.16.mlp.act": 0.6736599206924438,
        "gpt_neox.layers.17.mlp.act": 0.5306815505027771,
        "gpt_neox.layers.18.mlp.act": 0.48205190896987915,
        "gpt_neox.layers.19.mlp.act": 0.4826582372188568,
        "gpt_neox.layers.20.mlp.act": 0.4875091016292572,
        "gpt_neox.layers.21.mlp.act": 0.7795294523239136,
        "gpt_neox.layers.22.mlp.act": 0.5434150099754333,
        "gpt_neox.layers.23.mlp.act": 0.940092146396637
    },
    "1.2616612944575138": {
        "gpt_neox.layers.0.mlp.act": 0.5782197117805481,
        "gpt_neox.layers.1.mlp.act": 0.8297356367111206,
        "gpt_neox.layers.2.mlp.act": 0.8578704595565796,
        "gpt_neox.layers.3.mlp.act": 0.8594470024108887,
        "gpt_neox.layers.4.mlp.act": 0.7855930328369141,
        "gpt_neox.layers.5.mlp.act": 0.8505942225456238,
        "gpt_neox.layers.6.mlp.act": 0.8545961380004883,
        "gpt_neox.layers.7.mlp.act": 0.8786078095436096,
        "gpt_neox.layers.8.mlp.act": 0.9071064591407776,
        "gpt_neox.layers.9.mlp.act": 0.8746058344841003,
        "gpt_neox.layers.10.mlp.act": 0.900921642780304,
        "gpt_neox.layers.11.mlp.act": 0.8293718099594116,
        "gpt_neox.layers.12.mlp.act": 0.9520979523658752,
        "gpt_neox.layers.13.mlp.act": 0.89049232006073,
        "gpt_neox.layers.14.mlp.act": 0.9445791840553284,
        "gpt_neox.layers.15.mlp.act": 0.9347562193870544,
        "gpt_neox.layers.16.mlp.act": 0.9569488167762756,
        "gpt_neox.layers.17.mlp.act": 0.9476109743118286,
        "gpt_neox.layers.18.mlp.act": 0.9331797361373901,
        "gpt_neox.layers.19.mlp.act": 0.9326946139335632,
        "gpt_neox.layers.20.mlp.act": 0.9286926984786987,
        "gpt_neox.layers.21.mlp.act": 0.9278438091278076,
        "gpt_neox.layers.22.mlp.act": 0.9439728260040283,
        "gpt_neox.layers.23.mlp.act": 0.9651952385902405
    },
    "0.18846716378431197": {
        "gpt_neox.layers.0.mlp.act": 0.8679359555244446,
        "gpt_neox.layers.1.mlp.act": 0.9696822762489319,
        "gpt_neox.layers.2.mlp.act": 0.9187484979629517,
        "gpt_neox.layers.3.mlp.act": 0.9468833208084106,
        "gpt_neox.layers.4.mlp.act": 0.9712587594985962,
        "gpt_neox.layers.5.mlp.act": 0.9656803011894226,
        "gpt_neox.layers.6.mlp.act": 0.9684695601463318,
        "gpt_neox.layers.7.mlp.act": 0.9696822762489319,
        "gpt_neox.layers.8.mlp.act": 0.9742905497550964,
        "gpt_neox.layers.9.mlp.act": 0.969803512096405,
        "gpt_neox.layers.10.mlp.act": 0.9728353023529053,
        "gpt_neox.layers.11.mlp.act": 0.9739267230033875,
        "gpt_neox.layers.12.mlp.act": 0.9696822762489319,
        "gpt_neox.layers.13.mlp.act": 0.9694397449493408,
        "gpt_neox.layers.14.mlp.act": 0.969197154045105,
        "gpt_neox.layers.15.mlp.act": 0.9677419066429138,
        "gpt_neox.layers.16.mlp.act": 0.9626485705375671,
        "gpt_neox.layers.17.mlp.act": 0.9674993753433228,
        "gpt_neox.layers.18.mlp.act": 0.9696822762489319,
        "gpt_neox.layers.19.mlp.act": 0.9716225862503052,
        "gpt_neox.layers.20.mlp.act": 0.9631336331367493,
        "gpt_neox.layers.21.mlp.act": 0.9631336331367493,
        "gpt_neox.layers.22.mlp.act": 0.9722289443016052,
        "gpt_neox.layers.23.mlp.act": 0.969803512096405
    },
    "0.09999999999999999": {
        "gpt_neox.layers.0.mlp.act": 0.8746058344841003,
        "gpt_neox.layers.1.mlp.act": 0.9816880822181702,
        "gpt_neox.layers.2.mlp.act": 0.9457919001579285,
        "gpt_neox.layers.3.mlp.act": 0.9742905497550964,
        "gpt_neox.layers.4.mlp.act": 0.9747756123542786,
        "gpt_neox.layers.5.mlp.act": 0.9712587594985962,
        "gpt_neox.layers.6.mlp.act": 0.9738054871559143,
        "gpt_neox.layers.7.mlp.act": 0.9738054871559143,
        "gpt_neox.layers.8.mlp.act": 0.9813242554664612,
        "gpt_neox.layers.9.mlp.act": 0.9744118452072144,
        "gpt_neox.layers.10.mlp.act": 0.9774435758590698,
        "gpt_neox.layers.11.mlp.act": 0.9763521552085876,
        "gpt_neox.layers.12.mlp.act": 0.9747756123542786,
        "gpt_neox.layers.13.mlp.act": 0.9729565978050232,
        "gpt_neox.layers.14.mlp.act": 0.9747756123542786,