{
    "0.35519871824902666": {
        "gpt_neox.layers.0.mlp.act": 0.8498768210411072,
        "gpt_neox.layers.1.mlp.act": 0.9638457894325256,
        "gpt_neox.layers.2.mlp.act": 0.952470600605011,
        "gpt_neox.layers.3.mlp.act": 0.9518910050392151,
        "gpt_neox.layers.4.mlp.act": 0.935806393623352,
        "gpt_neox.layers.5.mlp.act": 0.947036623954773,
        "gpt_neox.layers.6.mlp.act": 0.9523981809616089,
        "gpt_neox.layers.7.mlp.act": 0.9419649243354797,
        "gpt_neox.layers.8.mlp.act": 0.9581219553947449,
        "gpt_neox.layers.9.mlp.act": 0.9619619846343994,
        "gpt_neox.layers.10.mlp.act": 0.9366758465766907,
        "gpt_neox.layers.11.mlp.act": 0.9525430798530579
    },
    "15.917892219322098": {
        "gpt_neox.layers.0.mlp.act": 0.4965222179889679,
        "gpt_neox.layers.1.mlp.act": 0.850239098072052,
        "gpt_neox.layers.2.mlp.act": 0.4421822726726532,
        "gpt_neox.layers.3.mlp.act": 0.43370524048805237,
        "gpt_neox.layers.4.mlp.act": 0.38045209646224976,
        "gpt_neox.layers.5.mlp.act": 0.4189247786998749,
        "gpt_neox.layers.6.mlp.act": 0.4339950680732727,
        "gpt_neox.layers.7.mlp.act": 0.7404723763465881,
        "gpt_neox.layers.8.mlp.act": 0.577887237071991,
        "gpt_neox.layers.9.mlp.act": 0.5584697723388672,
        "gpt_neox.layers.10.mlp.act": 0.5709317326545715,
        "gpt_neox.layers.11.mlp.act": 0.5578901171684265
    },
    "8.445976423531823": {
        "gpt_neox.layers.0.mlp.act": 0.5010143518447876,
        "gpt_neox.layers.1.mlp.act": 0.7115635275840759,
        "gpt_neox.layers.2.mlp.act": 0.6018692851066589,
        "gpt_neox.layers.3.mlp.act": 0.43182146549224854,
        "gpt_neox.layers.4.mlp.act": 0.5604984760284424,
        "gpt_neox.layers.5.mlp.act": 0.5845529437065125,
        "gpt_neox.layers.6.mlp.act": 0.44493550062179565,
        "gpt_neox.layers.7.mlp.act": 0.6322996616363525,
        "gpt_neox.layers.8.mlp.act": 0.6209969520568848,
        "gpt_neox.layers.9.mlp.act": 0.5836110711097717,
        "gpt_neox.layers.10.mlp.act": 0.5578901171684265,
        "gpt_neox.layers.11.mlp.act": 0.5578901171684265
    },
    "1.2616612944575138": {
        "gpt_neox.layers.0.mlp.act": 0.5060860514640808,
        "gpt_neox.layers.1.mlp.act": 0.5633241534233093,
        "gpt_neox.layers.2.mlp.act": 0.5590493679046631,
        "gpt_neox.layers.3.mlp.act": 0.5635414719581604,
        "gpt_neox.layers.4.mlp.act": 0.5712215304374695,
        "gpt_neox.layers.5.mlp.act": 0.5652078986167908,
        "gpt_neox.layers.6.mlp.act": 0.5849876403808594,
        "gpt_neox.layers.7.mlp.act": 0.7332270741462708,
        "gpt_neox.layers.8.mlp.act": 0.9166787266731262,
        "gpt_neox.layers.9.mlp.act": 0.9228372573852539,
        "gpt_neox.layers.10.mlp.act": 0.9317489862442017,
        "gpt_neox.layers.11.mlp.act": 0.9345022439956665
    },
    "0.18846716378431197": {
        "gpt_neox.layers.0.mlp.act": 0.8627010583877563,
        "gpt_neox.layers.1.mlp.act": 0.9673960208892822,
        "gpt_neox.layers.2.mlp.act": 0.9676858186721802,
        "gpt_neox.layers.3.mlp.act": 0.9592812657356262,
        "gpt_neox.layers.4.mlp.act": 0.9472540020942688,
        "gpt_neox.layers.5.mlp.act": 0.9490653276443481,
        "gpt_neox.layers.6.mlp.act": 0.9630488157272339,
        "gpt_neox.layers.7.mlp.act": 0.9450803995132446,
        "gpt_neox.layers.8.mlp.act": 0.9581219553947449,
        "gpt_neox.layers.9.mlp.act": 0.9713809490203857,
        "gpt_neox.layers.10.mlp.act": 0.9431965947151184,
        "gpt_neox.layers.11.mlp.act": 0.9612374901771545
    },
    "0.09999999999999999": {
        "gpt_neox.layers.0.mlp.act": 0.8682074546813965,
        "gpt_neox.layers.1.mlp.act": 0.9708737730979919,
        "gpt_neox.layers.2.mlp.act": 0.9773221015930176,
        "gpt_neox.layers.3.mlp.act": 0.9633386135101318,
        "gpt_neox.layers.4.mlp.act": 0.9544993042945862,
        "gpt_neox.layers.5.mlp.act": 0.9560933113098145,
        "gpt_neox.layers.6.mlp.act": 0.9643529653549194,
        "gpt_neox.layers.7.mlp.act": 0.949644923210144,
        "gpt_neox.layers.8.mlp.act": 0.9622518420219421,
        "gpt_neox.layers.9.mlp.act": 0.9826111793518066,
        "gpt_neox.layers.10.mlp.act": 0.9462396502494812,
        "gpt_neox.layers.11.mlp.act": 0.9770323038101196
    },
    "0.6694329500821696": {
        "gpt_neox.layers.0.mlp.act": 0.5365889072418213,
        "gpt_neox.layers.1.mlp.act": 0.8821909427642822,
        "gpt_neox.layers.2.mlp.act": 0.6869294047355652,
        "gpt_neox.layers.3.mlp.act": 0.7766990065574646,
        "gpt_neox.layers.4.mlp.act": 0.6620779633522034,
        "gpt_neox.layers.5.mlp.act": 0.9084190726280212,
        "gpt_neox.layers.6.mlp.act": 0.9533400535583496,
        "gpt_neox.layers.7.mlp.act": 0.9347920417785645,
        "gpt_neox.layers.8.mlp.act": 0.9538472294807434,
        "gpt_neox.layers.9.mlp.act": 0.9479785561561584,
        "gpt_neox.layers.10.mlp.act": 0.9331980347633362,
        "gpt_neox.layers.11.mlp.act": 0.9486306309700012
    },
    "29.999999999999996": {
        "gpt_neox.layers.0.mlp.act": 0.5052890777587891,
        "gpt_neox.layers.1.mlp.act": 0.5697000026702881,
        "gpt_neox.layers.2.mlp.act": 0.7561222910881042,
        "gpt_neox.layers.3.mlp.act": 0.4588465392589569,
        "gpt_neox.layers.4.mlp.act": 0.4315316379070282,
        "gpt_neox.layers.5.mlp.act": 0.4335603415966034,
        "gpt_neox.layers.6.mlp.act": 0.4400811493396759,
        "gpt_neox.layers.7.mlp.act": 0.4710911214351654,
        "gpt_neox.layers.8.mlp.act": 0.29531949758529663,
        "gpt_neox.layers.9.mlp.act": 0.7140994071960449,
        "gpt_neox.layers.10.mlp.act": 0.858498752117157,
        "gpt_neox.layers.11.mlp.act": 0.5578901171684265
    },
    "4.481404746557166": {
        "gpt_neox.layers.0.mlp.act": 0.5444862842559814,
        "gpt_neox.layers.1.mlp.act": 0.56187504529953,
        "gpt_neox.layers.2.mlp.act": 0.5584697723388672,
        "gpt_neox.layers.3.mlp.act": 0.6100565195083618,
        "gpt_neox.layers.4.mlp.act": 0.5676713585853577,
        "gpt_neox.layers.5.mlp.act": 0.5765106081962585,
        "gpt_neox.layers.6.mlp.act": 0.5835385918617249,
        "gpt_neox.layers.7.mlp.act": 0.5689030289649963,
        "gpt_neox.layers.8.mlp.act": 0.5578901171684265,
        "gpt_neox.layers.9.mlp.act": 0.5578901171684265,
        "gpt_neox.layers.10.mlp.act": 0.5578901171684265,
        "gpt_neox.layers.11.mlp.act": 0.5578901171684265
    },
    "2.377817258228513": {
        "gpt_neox.layers.0.mlp.act": 0.5004346966743469,
        "gpt_neox.layers.1.mlp.act": 0.561730146408081,
        "gpt_neox.layers.2.mlp.act": 0.5579625964164734,
        "gpt_neox.layers.3.mlp.act": 0.5612229704856873,
        "gpt_neox.layers.4.mlp.act": 0.5681785345077515,
        "gpt_neox.layers.5.mlp.act": 0.5652078986167908,
        "gpt_neox.layers.6.mlp.act": 0.5660773515701294,
        "gpt_neox.layers.7.mlp.act": 0.5677437782287598,
        "gpt_neox.layers.8.mlp.act": 0.5794812440872192,
        "gpt_neox.layers.9.mlp.act": 0.6531661748886108,
        "gpt_neox.layers.10.mlp.act": 0.7444573044776917,
        "gpt_neox.layers.11.mlp.act": 0.927981436252594
    }
}