{
    "0.35519871824902666": {
        "gpt_neox.layers.0.mlp.act": 0.8428328633308411,
        "gpt_neox.layers.1.mlp.act": 0.9877516031265259,
        "gpt_neox.layers.2.mlp.act": 0.9757457971572876,
        "gpt_neox.layers.3.mlp.act": 0.9861751198768616,
        "gpt_neox.layers.4.mlp.act": 0.9472471475601196,
        "gpt_neox.layers.5.mlp.act": 0.9674993753433228,
        "gpt_neox.layers.6.mlp.act": 0.9718651175498962,
        "gpt_neox.layers.7.mlp.act": 0.9704098701477051,
        "gpt_neox.layers.8.mlp.act": 0.9702886343002319,
        "gpt_neox.layers.9.mlp.act": 0.9673780798912048,
        "gpt_neox.layers.10.mlp.act": 0.9674993753433228,
        "gpt_neox.layers.11.mlp.act": 0.9721076488494873,
        "gpt_neox.layers.12.mlp.act": 0.9674993753433228,
        "gpt_neox.layers.13.mlp.act": 0.9621634483337402,
        "gpt_neox.layers.14.mlp.act": 0.969924807548523,
        "gpt_neox.layers.15.mlp.act": 0.9679844379425049
    },
    "15.917892219322098": {
        "gpt_neox.layers.0.mlp.act": 0.490298330783844,
        "gpt_neox.layers.1.mlp.act": 0.5217074751853943,
        "gpt_neox.layers.2.mlp.act": 0.5149163007736206,
        "gpt_neox.layers.3.mlp.act": 0.5166140794754028,
        "gpt_neox.layers.4.mlp.act": 0.5124908685684204,
        "gpt_neox.layers.5.mlp.act": 0.48241570591926575,
        "gpt_neox.layers.6.mlp.act": 0.5227989554405212,
        "gpt_neox.layers.7.mlp.act": 0.5659713745117188,
        "gpt_neox.layers.8.mlp.act": 0.5217074751853943,
        "gpt_neox.layers.9.mlp.act": 0.5217074751853943,
        "gpt_neox.layers.10.mlp.act": 0.5217074751853943,
        "gpt_neox.layers.11.mlp.act": 0.5561484098434448,
        "gpt_neox.layers.12.mlp.act": 0.5206160545349121,
        "gpt_neox.layers.13.mlp.act": 0.8111811876296997,
        "gpt_neox.layers.14.mlp.act": 0.8036623597145081,
        "gpt_neox.layers.15.mlp.act": 0.5168566703796387
    },
    "8.445976423531823": {
        "gpt_neox.layers.0.mlp.act": 0.48896434903144836,
        "gpt_neox.layers.1.mlp.act": 0.735750675201416,
        "gpt_neox.layers.2.mlp.act": 0.5174630284309387,
        "gpt_neox.layers.3.mlp.act": 0.646616518497467,
        "gpt_neox.layers.4.mlp.act": 0.5178267955780029,
        "gpt_neox.layers.5.mlp.act": 0.519039511680603,
        "gpt_neox.layers.6.mlp.act": 0.48011156916618347,
        "gpt_neox.layers.7.mlp.act": 0.5224351286888123,
        "gpt_neox.layers.8.mlp.act": 0.5217074751853943,
        "gpt_neox.layers.9.mlp.act": 0.7601261138916016,
        "gpt_neox.layers.10.mlp.act": 0.7663109302520752,
        "gpt_neox.layers.11.mlp.act": 0.5276497602462769,
        "gpt_neox.layers.12.mlp.act": 0.5173417329788208,
        "gpt_neox.layers.13.mlp.act": 0.5619694590568542,
        "gpt_neox.layers.14.mlp.act": 0.528862476348877,
        "gpt_neox.layers.15.mlp.act": 0.5898617506027222
    },
    "1.2616612944575138": {
        "gpt_neox.layers.0.mlp.act": 0.5951976776123047,
        "gpt_neox.layers.1.mlp.act": 0.8891583681106567,
        "gpt_neox.layers.2.mlp.act": 0.6583797931671143,
        "gpt_neox.layers.3.mlp.act": 0.9056512117385864,
        "gpt_neox.layers.4.mlp.act": 0.6132670044898987,
        "gpt_neox.layers.5.mlp.act": 0.7691001296043396,
        "gpt_neox.layers.6.mlp.act": 0.9602231383323669,
        "gpt_neox.layers.7.mlp.act": 0.9473683834075928,
        "gpt_neox.layers.8.mlp.act": 0.9551297426223755,
        "gpt_neox.layers.9.mlp.act": 0.9619209170341492,
        "gpt_neox.layers.10.mlp.act": 0.9619209170341492,
        "gpt_neox.layers.11.mlp.act": 0.9654377698898315,
        "gpt_neox.layers.12.mlp.act": 0.9609507322311401,
        "gpt_neox.layers.13.mlp.act": 0.9611932635307312,
        "gpt_neox.layers.14.mlp.act": 0.9631336331367493,
        "gpt_neox.layers.15.mlp.act": 0.9651952385902405
    },
    "0.18846716378431197": {
        "gpt_neox.layers.0.mlp.act": 0.8784865140914917,
        "gpt_neox.layers.1.mlp.act": 0.9898132085800171,
        "gpt_neox.layers.2.mlp.act": 0.9797477722167969,
        "gpt_neox.layers.3.mlp.act": 0.9884792566299438,
        "gpt_neox.layers.4.mlp.act": 0.9610720276832581,
        "gpt_neox.layers.5.mlp.act": 0.9638612270355225,
        "gpt_neox.layers.6.mlp.act": 0.9779286980628967,
        "gpt_neox.layers.7.mlp.act": 0.9746543765068054,
        "gpt_neox.layers.8.mlp.act": 0.9740480184555054,
        "gpt_neox.layers.9.mlp.act": 0.9734416604042053,
        "gpt_neox.layers.10.mlp.act": 0.9713800549507141,
        "gpt_neox.layers.11.mlp.act": 0.97986900806427,
        "gpt_neox.layers.12.mlp.act": 0.9822944402694702,
        "gpt_neox.layers.13.mlp.act": 0.9641038179397583,
        "gpt_neox.layers.14.mlp.act": 0.9734416604042053,
        "gpt_neox.layers.15.mlp.act": 0.970531165599823
    },
    "0.09999999999999999": {
        "gpt_neox.layers.0.mlp.act": 0.8782439827919006,
        "gpt_neox.layers.1.mlp.act": 0.9905408620834351,
        "gpt_neox.layers.2.mlp.act": 0.9829007983207703,
        "gpt_neox.layers.3.mlp.act": 0.9901770353317261,
        "gpt_neox.layers.4.mlp.act": 0.9725927710533142,
        "gpt_neox.layers.5.mlp.act": 0.9676206707954407,
        "gpt_neox.layers.6.mlp.act": 0.9804753661155701,
        "gpt_neox.layers.7.mlp.act": 0.9757457971572876,
        "gpt_neox.layers.8.mlp.act": 0.9765946865081787,
        "gpt_neox.layers.9.mlp.act": 0.9768372178077698,
        "gpt_neox.layers.10.mlp.act": 0.9768372178077698,
        "gpt_neox.layers.11.mlp.act": 0.971501350402832,
        "gpt_neox.layers.12.mlp.act": 0.9684695601463318,
        "gpt_neox.layers.13.mlp.act": 0.9662866592407227,
        "gpt_neox.layers.14.mlp.act": 0.9756245613098145,
        "gpt_neox.layers.15.mlp.act": 0.9736841917037964
    },
    "0.6694329500821696": {
        "gpt_neox.layers.0.mlp.act": 0.7643706202507019,
        "gpt_neox.layers.1.mlp.act": 0.9836283922195435,
        "gpt_neox.layers.2.mlp.act": 0.7657045722007751,
        "gpt_neox.layers.3.mlp.act": 0.9484598636627197,
        "gpt_neox.layers.4.mlp.act": 0.5664564371109009,
        "gpt_neox.layers.5.mlp.act": 0.7802571058273315,
        "gpt_neox.layers.6.mlp.act": 0.9522192478179932,
        "gpt_neox.layers.7.mlp.act": 0.9371816515922546,
        "gpt_neox.layers.8.mlp.act": 0.9447004199028015,
        "gpt_neox.layers.9.mlp.act": 0.9727140069007874,
        "gpt_neox.layers.10.mlp.act": 0.9625272750854492,
        "gpt_neox.layers.11.mlp.act": 0.9702886343002319,
        "gpt_neox.layers.12.mlp.act": 0.9651952385902405,
        "gpt_neox.layers.13.mlp.act": 0.9670143127441406,
        "gpt_neox.layers.14.mlp.act": 0.9667717814445496,
        "gpt_neox.layers.15.mlp.act": 0.9660441279411316
    },
    "29.999999999999996": {
        "gpt_neox.layers.0.mlp.act": 0.49660441279411316,
        "gpt_neox.layers.1.mlp.act": 0.5169779062271118,
        "gpt_neox.layers.2.mlp.act": 0.5160077810287476,
        "gpt_neox.layers.3.mlp.act": 0.5166140794754028,
        "gpt_neox.layers.4.mlp.act": 0.5130972266197205,
        "gpt_neox.layers.5.mlp.act": 0.4788988530635834,
        "gpt_neox.layers.6.mlp.act": 0.5220713019371033,
        "gpt_neox.layers.7.mlp.act": 0.5166140794754028,
        "gpt_neox.layers.8.mlp.act": 0.5163715481758118,
        "gpt_neox.layers.9.mlp.act": 0.5217074751853943,
        "gpt_neox.layers.10.mlp.act": 0.5217074751853943,
        "gpt_neox.layers.11.mlp.act": 0.5166140794754028,
        "gpt_neox.layers.12.mlp.act": 0.5168566703796387,
        "gpt_neox.layers.13.mlp.act": 0.8674508929252625,
        "gpt_neox.layers.14.mlp.act": 0.5105505585670471,
        "gpt_neox.layers.15.mlp.act": 0.5178267955780029
    },
    "4.481404746557166": {
        "gpt_neox.layers.0.mlp.act": 0.5306815505027771,
        "gpt_neox.layers.1.mlp.act": 0.5167353749275208,
        "gpt_neox.layers.2.mlp.act": 0.5174630284309387,
        "gpt_neox.layers.3.mlp.act": 0.5219500064849854,
        "gpt_neox.layers.4.mlp.act": 0.5218287706375122,
        "gpt_neox.layers.5.mlp.act": 0.5603929162025452,