{
    "0.35519871824902666": {
        "gpt_neox.layers.0.mlp.act": 0.7536791563034058,
        "gpt_neox.layers.1.mlp.act": 0.9756333231925964,
        "gpt_neox.layers.2.mlp.act": 0.9365500807762146,
        "gpt_neox.layers.3.mlp.act": 0.9476478099822998,
        "gpt_neox.layers.4.mlp.act": 0.941616415977478,
        "gpt_neox.layers.5.mlp.act": 0.9457177519798279,
        "gpt_neox.layers.6.mlp.act": 0.9488540887832642,
        "gpt_neox.layers.7.mlp.act": 0.9558504223823547,
        "gpt_neox.layers.8.mlp.act": 0.941616415977478,
        "gpt_neox.layers.9.mlp.act": 0.9503015875816345,
        "gpt_neox.layers.10.mlp.act": 0.9418576955795288,
        "gpt_neox.layers.11.mlp.act": 0.947165310382843,
        "gpt_neox.layers.12.mlp.act": 0.9384801387786865,
        "gpt_neox.layers.13.mlp.act": 0.9459590315818787,
        "gpt_neox.layers.14.mlp.act": 0.9630880951881409,
        "gpt_neox.layers.15.mlp.act": 0.9645355939865112,
        "gpt_neox.layers.16.mlp.act": 0.9640530943870544,
        "gpt_neox.layers.17.mlp.act": 0.9500603079795837,
        "gpt_neox.layers.18.mlp.act": 0.947406530380249,
        "gpt_neox.layers.19.mlp.act": 0.9490953087806702,
        "gpt_neox.layers.20.mlp.act": 0.943787693977356,
        "gpt_neox.layers.21.mlp.act": 0.9420989155769348,
        "gpt_neox.layers.22.mlp.act": 0.935826301574707,
        "gpt_neox.layers.23.mlp.act": 0.941616415977478,
        "gpt_neox.layers.24.mlp.act": 0.9433051943778992,
        "gpt_neox.layers.25.mlp.act": 0.9404101371765137,
        "gpt_neox.layers.26.mlp.act": 0.9411339163780212,
        "gpt_neox.layers.27.mlp.act": 0.9408926367759705,
        "gpt_neox.layers.28.mlp.act": 0.9558504223823547,
        "gpt_neox.layers.29.mlp.act": 0.947406530380249,
        "gpt_neox.layers.30.mlp.act": 0.9442702531814575,
        "gpt_neox.layers.31.mlp.act": 0.9782871007919312
    },
    "15.917892219322098": {
        "gpt_neox.layers.0.mlp.act": 0.4904704689979553,
        "gpt_neox.layers.1.mlp.act": 0.5230398178100586,
        "gpt_neox.layers.2.mlp.act": 0.5071170330047607,
        "gpt_neox.layers.3.mlp.act": 0.4829915761947632,
        "gpt_neox.layers.4.mlp.act": 0.4745476543903351,
        "gpt_neox.layers.5.mlp.act": 0.48154404759407043,
        "gpt_neox.layers.6.mlp.act": 0.522074818611145,
        "gpt_neox.layers.7.mlp.act": 0.638841986656189,
        "gpt_neox.layers.8.mlp.act": 0.48371532559394836,
        "gpt_neox.layers.9.mlp.act": 0.4800965189933777,
        "gpt_neox.layers.10.mlp.act": 0.522074818611145,
        "gpt_neox.layers.11.mlp.act": 0.5469239950180054,
        "gpt_neox.layers.12.mlp.act": 0.5370326042175293,
        "gpt_neox.layers.13.mlp.act": 0.4796139895915985,
        "gpt_neox.layers.14.mlp.act": 0.3160434365272522,
        "gpt_neox.layers.15.mlp.act": 0.4800965189933777,
        "gpt_neox.layers.16.mlp.act": 0.4709288477897644,
        "gpt_neox.layers.17.mlp.act": 0.6393244862556458,
        "gpt_neox.layers.18.mlp.act": 0.5452352166175842,
        "gpt_neox.layers.19.mlp.act": 0.528106153011322,
        "gpt_neox.layers.20.mlp.act": 0.9285886883735657,
        "gpt_neox.layers.21.mlp.act": 0.7669481635093689,
        "gpt_neox.layers.22.mlp.act": 0.7794933915138245,
        "gpt_neox.layers.23.mlp.act": 0.8670687675476074,
        "gpt_neox.layers.24.mlp.act": 0.5203860402107239,
        "gpt_neox.layers.25.mlp.act": 0.7568154335021973,
        "gpt_neox.layers.26.mlp.act": 0.8258142471313477,
        "gpt_neox.layers.27.mlp.act": 0.5782871246337891,
        "gpt_neox.layers.28.mlp.act": 0.762846827507019,
        "gpt_neox.layers.29.mlp.act": 0.5037394762039185,
        "gpt_neox.layers.30.mlp.act": 0.890953004360199,
        "gpt_neox.layers.31.mlp.act": 0.5196622610092163
    },
    "8.445976423531823": {
        "gpt_neox.layers.0.mlp.act": 0.5129071474075317,
        "gpt_neox.layers.1.mlp.act": 0.5201447606086731,
        "gpt_neox.layers.2.mlp.act": 0.48443910479545593,
        "gpt_neox.layers.3.mlp.act": 0.5186972618103027,
        "gpt_neox.layers.4.mlp.act": 0.5199034810066223,
        "gpt_neox.layers.5.mlp.act": 0.5170084834098816,
        "gpt_neox.layers.6.mlp.act": 0.5225573182106018,
        "gpt_neox.layers.7.mlp.act": 0.5203860402107239,
        "gpt_neox.layers.8.mlp.act": 0.6014475226402283,
        "gpt_neox.layers.9.mlp.act": 0.522074818611145,
        "gpt_neox.layers.10.mlp.act": 0.5199034810066223,
        "gpt_neox.layers.11.mlp.act": 0.5199034810066223,
        "gpt_neox.layers.12.mlp.act": 0.5225573182106018,
        "gpt_neox.layers.13.mlp.act": 0.5201447606086731,
        "gpt_neox.layers.14.mlp.act": 0.5206272602081299,
        "gpt_neox.layers.15.mlp.act": 0.5240048170089722,
        "gpt_neox.layers.16.mlp.act": 0.5199034810066223,
        "gpt_neox.layers.17.mlp.act": 0.5724970102310181,
        "gpt_neox.layers.18.mlp.act": 0.524487316608429,
        "gpt_neox.layers.19.mlp.act": 0.5199034810066223,
        "gpt_neox.layers.20.mlp.act": 0.5206272602081299,
        "gpt_neox.layers.21.mlp.act": 0.5199034810066223,
        "gpt_neox.layers.22.mlp.act": 0.5268998742103577,
        "gpt_neox.layers.23.mlp.act": 0.5199034810066223,
        "gpt_neox.layers.24.mlp.act": 0.9302774667739868,
        "gpt_neox.layers.25.mlp.act": 0.5341375470161438,
        "gpt_neox.layers.26.mlp.act": 0.5247285962104797,
        "gpt_neox.layers.27.mlp.act": 0.9365500807762146,
        "gpt_neox.layers.28.mlp.act": 0.9346200227737427,
        "gpt_neox.layers.29.mlp.act": 0.9281061887741089,
        "gpt_neox.layers.30.mlp.act": 0.5201447606086731,
        "gpt_neox.layers.31.mlp.act": 0.5230398178100586
    },
    "1.2616612944575138": {
        "gpt_neox.layers.0.mlp.act": 0.5177322030067444,
        "gpt_neox.layers.1.mlp.act": 0.5199034810066223,
        "gpt_neox.layers.2.mlp.act": 0.8629674315452576,
        "gpt_neox.layers.3.mlp.act": 0.9051870107650757,
        "gpt_neox.layers.4.mlp.act": 0.5749095678329468,
        "gpt_neox.layers.5.mlp.act": 0.5215923190116882,
        "gpt_neox.layers.6.mlp.act": 0.5199034810066223,
        "gpt_neox.layers.7.mlp.act": 0.5201447606086731,
        "gpt_neox.layers.8.mlp.act": 0.5201447606086731,
        "gpt_neox.layers.9.mlp.act": 0.5199034810066223,
        "gpt_neox.layers.10.mlp.act": 0.5199034810066223,
        "gpt_neox.layers.11.mlp.act": 0.5199034810066223,
        "gpt_neox.layers.12.mlp.act": 0.5199034810066223,
        "gpt_neox.layers.13.mlp.act": 0.5199034810066223,
        "gpt_neox.layers.14.mlp.act": 0.5199034810066223,
        "gpt_neox.layers.15.mlp.act": 0.5199034810066223,
        "gpt_neox.layers.16.mlp.act": 0.5199034810066223,
        "gpt_neox.layers.17.mlp.act": 0.9560917019844055,
        "gpt_neox.layers.18.mlp.act": 0.9544029235839844,
        "gpt_neox.layers.19.mlp.act": 0.9032569527626038,
        "gpt_neox.layers.20.mlp.act": 0.9440289735794067,
        "gpt_neox.layers.21.mlp.act": 0.9408926367759705,
        "gpt_neox.layers.22.mlp.act": 0.935826301574707,
        "gpt_neox.layers.23.mlp.act": 0.9420989155769348,
        "gpt_neox.layers.24.mlp.act": 0.9399276375770569,
        "gpt_neox.layers.25.mlp.act": 0.9387213587760925,
        "gpt_neox.layers.26.mlp.act": 0.9375150799751282,
        "gpt_neox.layers.27.mlp.act": 0.9389626383781433,
        "gpt_neox.layers.28.mlp.act": 0.9428226947784424,
        "gpt_neox.layers.29.mlp.act": 0.9556092023849487,
        "gpt_neox.layers.30.mlp.act": 0.9336550235748291,
        "gpt_neox.layers.31.mlp.act": 0.9638118147850037
    },
    "0.18846716378431197": {
        "gpt_neox.layers.0.mlp.act": 0.867792546749115,
        "gpt_neox.layers.1.mlp.act": 0.9775633811950684,
        "gpt_neox.layers.2.mlp.act": 0.9418576955795288,
        "gpt_neox.layers.3.mlp.act": 0.9563329815864563,
        "gpt_neox.layers.4.mlp.act": 0.9425814747810364,
        "gpt_neox.layers.5.mlp.act": 0.9486128091812134,
        "gpt_neox.layers.6.mlp.act": 0.9522316455841064,
        "gpt_neox.layers.7.mlp.act": 0.9609168171882629,