{
    "0.35519871824902666": {
        "gpt_neox.layers.0.mlp.act": 0.8624112010002136,
        "gpt_neox.layers.1.mlp.act": 0.9638457894325256,
        "gpt_neox.layers.2.mlp.act": 0.9512389302253723,
        "gpt_neox.layers.3.mlp.act": 0.9766700267791748,
        "gpt_neox.layers.4.mlp.act": 0.949644923210144,
        "gpt_neox.layers.5.mlp.act": 0.9794232249259949,
        "gpt_neox.layers.6.mlp.act": 0.9260976314544678,
        "gpt_neox.layers.7.mlp.act": 0.9108099937438965,
        "gpt_neox.layers.8.mlp.act": 0.9602231383323669,
        "gpt_neox.layers.9.mlp.act": 0.9473264217376709,
        "gpt_neox.layers.10.mlp.act": 0.9250832796096802,
        "gpt_neox.layers.11.mlp.act": 0.9584842324256897,
        "gpt_neox.layers.12.mlp.act": 0.9629039168357849,
        "gpt_neox.layers.13.mlp.act": 0.9700043201446533,
        "gpt_neox.layers.14.mlp.act": 0.9706563949584961,
        "gpt_neox.layers.15.mlp.act": 0.9665989875793457,
        "gpt_neox.layers.16.mlp.act": 0.9688450694084167,
        "gpt_neox.layers.17.mlp.act": 0.9657295942306519,
        "gpt_neox.layers.18.mlp.act": 0.9625416398048401,
        "gpt_neox.layers.19.mlp.act": 0.9633386135101318,
        "gpt_neox.layers.20.mlp.act": 0.9639182686805725,
        "gpt_neox.layers.21.mlp.act": 0.9638457894325256,
        "gpt_neox.layers.22.mlp.act": 0.968337893486023,
        "gpt_neox.layers.23.mlp.act": 0.9647876620292664
    },
    "15.917892219322098": {
        "gpt_neox.layers.0.mlp.act": 0.5134763121604919,
        "gpt_neox.layers.1.mlp.act": 0.7388059496879578,
        "gpt_neox.layers.2.mlp.act": 0.5024634003639221,
        "gpt_neox.layers.3.mlp.act": 0.518620491027832,
        "gpt_neox.layers.4.mlp.act": 0.7934356927871704,
        "gpt_neox.layers.5.mlp.act": 0.4385596215724945,
        "gpt_neox.layers.6.mlp.act": 0.5737574100494385,
        "gpt_neox.layers.7.mlp.act": 0.5770902633666992,
        "gpt_neox.layers.8.mlp.act": 0.5583972930908203,
        "gpt_neox.layers.9.mlp.act": 0.4898565411567688,
        "gpt_neox.layers.10.mlp.act": 0.5657150745391846,
        "gpt_neox.layers.11.mlp.act": 0.25807854533195496,
        "gpt_neox.layers.12.mlp.act": 0.5607157945632935,
        "gpt_neox.layers.13.mlp.act": 0.5761483907699585,
        "gpt_neox.layers.14.mlp.act": 0.5579625964164734,
        "gpt_neox.layers.15.mlp.act": 0.4405882954597473,
        "gpt_neox.layers.16.mlp.act": 0.5581799745559692,
        "gpt_neox.layers.17.mlp.act": 0.5579625964164734,
        "gpt_neox.layers.18.mlp.act": 0.4458049535751343,
        "gpt_neox.layers.19.mlp.act": 0.503042995929718,
        "gpt_neox.layers.20.mlp.act": 0.8170554637908936,
        "gpt_neox.layers.21.mlp.act": 0.7646717429161072,
        "gpt_neox.layers.22.mlp.act": 0.9298651814460754,
        "gpt_neox.layers.23.mlp.act": 0.4645703434944153
    },
    "8.445976423531823": {
        "gpt_neox.layers.0.mlp.act": 0.5065932273864746,
        "gpt_neox.layers.1.mlp.act": 0.49152296781539917,
        "gpt_neox.layers.2.mlp.act": 0.4843500852584839,
        "gpt_neox.layers.3.mlp.act": 0.4792059063911438,
        "gpt_neox.layers.4.mlp.act": 0.5593392252922058,
        "gpt_neox.layers.5.mlp.act": 0.7388784289360046,
        "gpt_neox.layers.6.mlp.act": 0.8206781148910522,
        "gpt_neox.layers.7.mlp.act": 0.6394725441932678,
        "gpt_neox.layers.8.mlp.act": 0.5653528571128845,
        "gpt_neox.layers.9.mlp.act": 0.4387045204639435,
        "gpt_neox.layers.10.mlp.act": 0.5707143545150757,
        "gpt_neox.layers.11.mlp.act": 0.561657726764679,
        "gpt_neox.layers.12.mlp.act": 0.5707868337631226,
        "gpt_neox.layers.13.mlp.act": 0.5583248734474182,
        "gpt_neox.layers.14.mlp.act": 0.5622373223304749,
        "gpt_neox.layers.15.mlp.act": 0.5663671493530273,
        "gpt_neox.layers.16.mlp.act": 0.4430517256259918,
        "gpt_neox.layers.17.mlp.act": 0.7677872776985168,
        "gpt_neox.layers.18.mlp.act": 0.9474713802337646,
        "gpt_neox.layers.19.mlp.act": 0.8090856075286865,
        "gpt_neox.layers.20.mlp.act": 0.4985509216785431,
        "gpt_neox.layers.21.mlp.act": 0.4497174322605133,
        "gpt_neox.layers.22.mlp.act": 0.9433414936065674,
        "gpt_neox.layers.23.mlp.act": 0.6303434371948242
    },
    "1.2616612944575138": {
        "gpt_neox.layers.0.mlp.act": 0.5405738353729248,
        "gpt_neox.layers.1.mlp.act": 0.831763505935669,
        "gpt_neox.layers.2.mlp.act": 0.6428778171539307,
        "gpt_neox.layers.3.mlp.act": 0.5599188208580017,
        "gpt_neox.layers.4.mlp.act": 0.77010577917099,
        "gpt_neox.layers.5.mlp.act": 0.8252426981925964,
        "gpt_neox.layers.6.mlp.act": 0.7875670194625854,
        "gpt_neox.layers.7.mlp.act": 0.6174467206001282,
        "gpt_neox.layers.8.mlp.act": 0.9116794466972351,
        "gpt_neox.layers.9.mlp.act": 0.8887117505073547,
        "gpt_neox.layers.10.mlp.act": 0.5523112416267395,
        "gpt_neox.layers.11.mlp.act": 0.8923344016075134,
        "gpt_neox.layers.12.mlp.act": 0.7237356901168823,
        "gpt_neox.layers.13.mlp.act": 0.8873351216316223,
        "gpt_neox.layers.14.mlp.act": 0.9311693906784058,
        "gpt_neox.layers.15.mlp.act": 0.9203013777732849,
        "gpt_neox.layers.16.mlp.act": 0.9528328776359558,
        "gpt_neox.layers.17.mlp.act": 0.9426894187927246,
        "gpt_neox.layers.18.mlp.act": 0.9413852691650391,
        "gpt_neox.layers.19.mlp.act": 0.9360237121582031,
        "gpt_neox.layers.20.mlp.act": 0.9328358173370361,
        "gpt_neox.layers.21.mlp.act": 0.9320387840270996,
        "gpt_neox.layers.22.mlp.act": 0.9425445199012756,
        "gpt_neox.layers.23.mlp.act": 0.9532676339149475
    },
    "0.18846716378431197": {
        "gpt_neox.layers.0.mlp.act": 0.864222526550293,
        "gpt_neox.layers.1.mlp.act": 0.9671786427497864,
        "gpt_neox.layers.2.mlp.act": 0.9626865386962891,
        "gpt_neox.layers.3.mlp.act": 0.9758005738258362,
        "gpt_neox.layers.4.mlp.act": 0.9784813523292542,
        "gpt_neox.layers.5.mlp.act": 0.9831183552742004,
        "gpt_neox.layers.6.mlp.act": 0.9595710635185242,
        "gpt_neox.layers.7.mlp.act": 0.957107663154602,
        "gpt_neox.layers.8.mlp.act": 0.968192994594574,
        "gpt_neox.layers.9.mlp.act": 0.9693522453308105,
        "gpt_neox.layers.10.mlp.act": 0.9645703434944153,
        "gpt_neox.layers.11.mlp.act": 0.9676133394241333,
        "gpt_neox.layers.12.mlp.act": 0.9752933979034424,
        "gpt_neox.layers.13.mlp.act": 0.973482072353363,
        "gpt_neox.layers.14.mlp.act": 0.9678307175636292,
        "gpt_neox.layers.15.mlp.act": 0.9660193920135498,
        "gpt_neox.layers.16.mlp.act": 0.9686276912689209,
        "gpt_neox.layers.17.mlp.act": 0.9684827923774719,
        "gpt_neox.layers.18.mlp.act": 0.9642804861068726,
        "gpt_neox.layers.19.mlp.act": 0.9644978642463684,
        "gpt_neox.layers.20.mlp.act": 0.9611650109291077,
        "gpt_neox.layers.21.mlp.act": 0.9644254446029663,
        "gpt_neox.layers.22.mlp.act": 0.9689899682998657,
        "gpt_neox.layers.23.mlp.act": 0.968048095703125
    },
    "0.09999999999999999": {
        "gpt_neox.layers.0.mlp.act": 0.8704535365104675,
        "gpt_neox.layers.1.mlp.act": 0.9742790460586548,
        "gpt_neox.layers.2.mlp.act": 0.9686276912689209,
        "gpt_neox.layers.3.mlp.act": 0.9783364534378052,
        "gpt_neox.layers.4.mlp.act": 0.9815244078636169,
        "gpt_neox.layers.5.mlp.act": 0.9852919578552246,
        "gpt_neox.layers.6.mlp.act": 0.9652948379516602,
        "gpt_neox.layers.7.mlp.act": 0.9673960208892822,
        "gpt_neox.layers.8.mlp.act": 0.9832632541656494,
        "gpt_neox.layers.9.mlp.act": 0.9723228216171265,
        "gpt_neox.layers.10.mlp.act": 0.9715982675552368,
        "gpt_neox.layers.11.mlp.act": 0.9713809490203857,
        "gpt_neox.layers.12.mlp.act": 0.97630774974823,
        "gpt_neox.layers.13.mlp.act": 0.9739892482757568,
        "gpt_neox.layers.14.mlp.act": 0.9702941179275513,